ID1	ID2	area	distance
c<A>r<49>R<ARG>A<CZ>	c<C>r<53>R<THR>A<CG2>	1.07891	5.53318
c<A>r<49>R<ARG>A<NH1>	c<C>r<49>R<ARG>A<NH2>	8.38344	4.25166
c<A>r<49>R<ARG>A<NH1>	c<C>r<53>R<THR>A<CG2>	7.13832	4.80004
c<A>r<49>R<ARG>A<NH1>	c<C>r<54>R<PRO>A<O>	0.960992	5.70326
c<A>r<49>R<ARG>A<NH2>	c<C>r<53>R<THR>A<CG2>	0.441204	5.89673
c<A>r<50>R<GLU>A<O>	c<C>r<68>R<VAL>A<CG1>	2.67342	4.65773
c<A>r<51>R<LYS>A<CA>	c<C>r<68>R<VAL>A<CG1>	2.56182	4.78385
c<A>r<51>R<LYS>A<CA>	c<C>r<68>R<VAL>A<CG2>	2.23894	5.10094
c<A>r<51>R<LYS>A<C>	c<C>r<68>R<VAL>A<CG1>	2.49499	4.14189
c<A>r<51>R<LYS>A<O>	c<C>r<52>R<LEU>A<CD1>	2.62192	5.54215
c<A>r<51>R<LYS>A<O>	c<C>r<68>R<VAL>A<N>	1.22413	4.84275
c<A>r<51>R<LYS>A<O>	c<C>r<68>R<VAL>A<CG1>	4.5279	3.58525
c<A>r<51>R<LYS>A<O>	c<C>r<68>R<VAL>A<CG2>	9.79122	3.65328
c<A>r<51>R<LYS>A<CB>	c<C>r<68>R<VAL>A<CG2>	0.835095	5.59449
c<A>r<51>R<LYS>A<CD>	c<C>r<68>R<VAL>A<CG2>	2.27963	5.99782
c<A>r<51>R<LYS>A<NZ>	c<C>r<68>R<VAL>A<CG2>	2.78832	5.9479
c<A>r<51>R<LYS>A<NZ>	c<C>r<69>R<GLU>A<OE2>	5.01381	5.36851
c<A>r<52>R<LEU>A<CA>	c<C>r<49>R<ARG>A<CD>	2.71274	4.55666
c<A>r<52>R<LEU>A<CA>	c<C>r<49>R<ARG>A<NE>	0.639034	3.96875
c<A>r<52>R<LEU>A<CA>	c<C>r<52>R<LEU>A<CD1>	0.523125	5.60634
c<A>r<52>R<LEU>A<CA>	c<C>r<68>R<VAL>A<N>	0.0173767	6.00588
c<A>r<52>R<LEU>A<CA>	c<C>r<68>R<VAL>A<CG1>	2.02155e-05	4.95215
c<A>r<52>R<LEU>A<C>	c<C>r<49>R<ARG>A<NE>	0.51138	3.62319
c<A>r<52>R<LEU>A<C>	c<C>r<49>R<ARG>A<NH2>	0.250626	4.13591
c<A>r<52>R<LEU>A<C>	c<C>r<68>R<VAL>A<CG1>	2.40125	4.48948
c<A>r<52>R<LEU>A<O>	c<C>r<49>R<ARG>A<CD>	4.86392	3.56525
c<A>r<52>R<LEU>A<O>	c<C>r<49>R<ARG>A<NE>	3.80344	2.96215
c<A>r<52>R<LEU>A<O>	c<C>r<65>R<HIS>A<CD2>	2.60485	4.32187
c<A>r<52>R<LEU>A<O>	c<C>r<65>R<HIS>A<NE2>	1.70881	3.82074
c<A>r<52>R<LEU>A<O>	c<C>r<66>R<GLY>A<O>	2.87982	4.64709
c<A>r<52>R<LEU>A<O>	c<C>r<67>R<THR>A<CA>	1.11869	5.26903
c<A>r<52>R<LEU>A<O>	c<C>r<68>R<VAL>A<N>	2.06778	4.93503
c<A>r<52>R<LEU>A<O>	c<C>r<68>R<VAL>A<CG1>	4.34171	4.34636
c<A>r<52>R<LEU>A<O>	c<C>r<111>R<HIS>A<CD2>	0.590753	5.69076
c<A>r<52>R<LEU>A<CB>	c<C>r<49>R<ARG>A<CD>	0.0523424	4.69626
c<A>r<52>R<LEU>A<CB>	c<C>r<49>R<ARG>A<NE>	1.24674	3.85756
c<A>r<52>R<LEU>A<CB>	c<C>r<49>R<ARG>A<CZ>	2.76207	3.85344
c<A>r<52>R<LEU>A<CB>	c<C>r<49>R<ARG>A<NH2>	5.30405	3.68407
c<A>r<52>R<LEU>A<CB>	c<C>r<53>R<THR>A<CG2>	0.00538852	4.80474
c<A>r<52>R<LEU>A<CG>	c<C>r<49>R<ARG>A<CZ>	0.0619821	4.67693
c<A>r<52>R<LEU>A<CD1>	c<C>r<49>R<ARG>A<CZ>	0.0984757	4.80996
c<A>r<52>R<LEU>A<CD1>	c<C>r<49>R<ARG>A<NH2>	0.289102	4.63439
c<A>r<52>R<LEU>A<CD1>	c<C>r<52>R<LEU>A<C>	0.450683	5.25707
c<A>r<52>R<LEU>A<CD1>	c<C>r<52>R<LEU>A<O>	1.05648	5.27858
c<A>r<52>R<LEU>A<CD1>	c<C>r<53>R<THR>A<CB>	7.10083	4.10119
c<A>r<52>R<LEU>A<CD1>	c<C>r<53>R<THR>A<CG2>	10.4999	3.5567
c<A>r<52>R<LEU>A<CD2>	c<C>r<49>R<ARG>A<CD>	2.42913	4.88618
c<A>r<52>R<LEU>A<CD2>	c<C>r<49>R<ARG>A<NE>	0.0299716	4.69322
c<A>r<52>R<LEU>A<CD2>	c<C>r<49>R<ARG>A<CZ>	1.0507	4.72242
c<A>r<52>R<LEU>A<CD2>	c<C>r<49>R<ARG>A<NH1>	0.880198	4.8702
c<A>r<52>R<LEU>A<CD2>	c<C>r<52>R<LEU>A<C>	0.0743038	5.02808
c<A>r<52>R<LEU>A<CD2>	c<C>r<52>R<LEU>A<O>	0.100961	5.37957
c<A>r<52>R<LEU>A<CD2>	c<C>r<52>R<LEU>A<CB>	11.4041	3.71824
c<A>r<52>R<LEU>A<CD2>	c<C>r<52>R<LEU>A<CG>	0.0234495	4.36086
c<A>r<52>R<LEU>A<CD2>	c<C>r<52>R<LEU>A<CD1>	11.2701	3.81714
c<A>r<52>R<LEU>A<CD2>	c<C>r<52>R<LEU>A<CD2>	1.17123	5.06286
c<A>r<52>R<LEU>A<CD2>	c<C>r<53>R<THR>A<CB>	0.0255932	5.34601
c<A>r<52>R<LEU>A<CD2>	c<C>r<53>R<THR>A<CG2>	0.641651	4.90304
c<A>r<53>R<THR>A<CA>	c<C>r<65>R<HIS>A<CD2>	0.509076	5.16483
c<A>r<53>R<THR>A<CA>	c<C>r<65>R<HIS>A<NE2>	0.248703	4.39504
c<A>r<53>R<THR>A<CA>	c<C>r<111>R<HIS>A<CD2>	0.659723	5.82907
c<A>r<53>R<THR>A<O>	c<C>r<112>R<ILE>A<CD1>	0.973366	5.18393
c<A>r<53>R<THR>A<CB>	c<C>r<49>R<ARG>A<NH2>	0.238261	4.16305
c<A>r<53>R<THR>A<CB>	c<C>r<65>R<HIS>A<NE2>	0.726755	3.72978
c<A>r<53>R<THR>A<OG1>	c<C>r<49>R<ARG>A<NE>	0.741929	3.58302
c<A>r<53>R<THR>A<OG1>	c<C>r<49>R<ARG>A<NH2>	8.47487	2.87168
c<A>r<53>R<THR>A<OG1>	c<C>r<65>R<HIS>A<CE1>	3.55586	3.23704
c<A>r<53>R<THR>A<OG1>	c<C>r<65>R<HIS>A<NE2>	4.6387	2.66749
c<A>r<53>R<THR>A<CG2>	c<C>r<65>R<HIS>A<CD2>	0.578358	4.60221
c<A>r<53>R<THR>A<CG2>	c<C>r<65>R<HIS>A<CE1>	2.59023	4.19075
c<A>r<53>R<THR>A<CG2>	c<C>r<65>R<HIS>A<NE2>	3.13409	3.73612
c<A>r<53>R<THR>A<CG2>	c<C>r<109>R<ASN>A<O>	0.151195	5.8229
c<A>r<53>R<THR>A<CG2>	c<C>r<111>R<HIS>A<N>	0.022743	5.55742
c<A>r<53>R<THR>A<CG2>	c<C>r<111>R<HIS>A<CB>	6.68633	4.55193
c<A>r<53>R<THR>A<CG2>	c<C>r<111>R<HIS>A<CD2>	0.643412	5.464
c<A>r<53>R<THR>A<CG2>	c<C>r<112>R<ILE>A<N>	4.23056	4.15891
c<A>r<53>R<THR>A<CG2>	c<C>r<112>R<ILE>A<CA>	0.930597	4.43598
c<A>r<53>R<THR>A<CG2>	c<C>r<112>R<ILE>A<CB>	7.02608	4.16572
c<A>r<53>R<THR>A<CG2>	c<C>r<112>R<ILE>A<CG1>	1.61068	4.86455
c<A>r<53>R<THR>A<CG2>	c<C>r<112>R<ILE>A<CD1>	2.82163	5.17897
c<A>r<53>R<THR>A<CG2>	c<C>r<115>R<ILE>A<CD1>	9.80084	4.43402
c<A>r<54>R<PRO>A<O>	c<C>r<109>R<ASN>A<O>	2.07393	4.70703
c<A>r<54>R<PRO>A<O>	c<C>r<110>R<GLU>A<CA>	0.169077	5.76756
c<A>r<54>R<PRO>A<O>	c<C>r<112>R<ILE>A<N>	0.617204	4.62855
c<A>r<54>R<PRO>A<O>	c<C>r<112>R<ILE>A<CB>	3.56035	3.55389
c<A>r<54>R<PRO>A<O>	c<C>r<112>R<ILE>A<CG2>	8.1646	3.1472
c<A>r<54>R<PRO>A<O>	c<C>r<112>R<ILE>A<CD1>	1.13026	4.14539
c<A>r<54>R<PRO>A<CB>	c<C>r<109>R<ASN>A<O>	5.7451	4.03313
c<A>r<54>R<PRO>A<CB>	c<C>r<109>R<ASN>A<CB>	0.668475	4.91201
c<A>r<54>R<PRO>A<CB>	c<C>r<110>R<GLU>A<CA>	0.00939663	6.07339
c<A>r<54>R<PRO>A<CG>	c<C>r<68>R<VAL>A<CG1>	8.63976	3.82488
c<A>r<54>R<PRO>A<CG>	c<C>r<109>R<ASN>A<O>	1.82505	3.77557
c<A>r<54>R<PRO>A<CG>	c<C>r<109>R<ASN>A<CB>	7.86962	4.03581
c<A>r<54>R<PRO>A<CG>	c<C>r<109>R<ASN>A<ND2>	0.786401	4.83061
c<A>r<54>R<PRO>A<CD>	c<C>r<68>R<VAL>A<CG1>	8.62959	3.75399
c<A>r<54>R<PRO>A<CD>	c<C>r<109>R<ASN>A<O>	6.34678	3.75349
c<A>r<54>R<PRO>A<CD>	c<C>r<109>R<ASN>A<CB>	2.37747	4.49897
c<A>r<54>R<PRO>A<CD>	c<C>r<111>R<HIS>A<CB>	0.177612	6.10286
c<A>r<54>R<PRO>A<CD>	c<C>r<111>R<HIS>A<CD2>	4.7031	5.3358
c<A>r<55>R<THR>A<CA>	c<C>r<112>R<ILE>A<CG2>	1.82871	4.18658
c<A>r<55>R<THR>A<CA>	c<C>r<112>R<ILE>A<CD1>	4.34777	3.90931
c<A>r<55>R<THR>A<C>	c<C>r<112>R<ILE>A<CG2>	1.67562	4.2826
c<A>r<55>R<THR>A<C>	c<C>r<112>R<ILE>A<CD1>	0.324457	4.51325
c<A>r<55>R<THR>A<O>	c<C>r<112>R<ILE>A<CD1>	0.455071	4.55242
c<A>r<55>R<THR>A<CB>	c<C>r<112>R<ILE>A<CD1>	2.32595	4.20747
c<A>r<55>R<THR>A<CG2>	c<C>r<112>R<ILE>A<CD1>	3.99699	4.24147
c<A>r<56>R<TYR>A<N>	c<C>r<112>R<ILE>A<CG2>	1.4787	4.3212
c<A>r<56>R<TYR>A<C>	c<C>r<112>R<ILE>A<CG2>	1.08203	4.23266
c<A>r<56>R<TYR>A<O>	c<C>r<110>R<GLU>A<CA>	1.39285	5.35079
c<A>r<56>R<TYR>A<O>	c<C>r<110>R<GLU>A<CB>	0.131242	5.26765
c<A>r<56>R<TYR>A<O>	c<C>r<110>R<GLU>A<CG>	2.2168	4.98884
c<A>r<56>R<TYR>A<O>	c<C>r<112>R<ILE>A<CG2>	7.55784	3.54921
c<A>r<56>R<TYR>A<O>	c<C>r<113>R<GLN>A<CG>	3.16407	3.69092
c<A>r<56>R<TYR>A<O>	c<C>r<113>R<GLN>A<NE2>	4.64927	3.2648
c<A>r<56>R<TYR>A<CB>	c<C>r<110>R<GLU>A<CG>	0.314877	6.01198
c<A>r<56>R<TYR>A<CD2>	c<C>r<110>R<GLU>A<CG>	5.26688	4.70965
c<A>r<56>R<TYR>A<CD2>	c<C>r<110>R<GLU>A<CD>	0.112642	4.65841
c<A>r<56>R<TYR>A<CD2>	c<C>r<110>R<GLU>A<OE2>	2.71278	4.0264
c<A>r<56>R<TYR>A<CD2>	c<C>r<113>R<GLN>A<NE2>	3.08287	3.88737
c<A>r<56>R<TYR>A<CE2>	c<C>r<110>R<GLU>A<CD>	0.00732949	4.61278
c<A>r<56>R<TYR>A<CE2>	c<C>r<110>R<GLU>A<OE2>	6.63009	3.81811
c<A>r<56>R<TYR>A<CE2>	c<C>r<113>R<GLN>A<NE2>	4.54595	3.91449
c<A>r<57>R<LEU>A<CA>	c<C>r<112>R<ILE>A<CG2>	0.680413	4.78649
c<A>r<57>R<LEU>A<CA>	c<C>r<113>R<GLN>A<CG>	3.95829	3.95298
c<A>r<57>R<LEU>A<CA>	c<C>r<113>R<GLN>A<NE2>	0.068545	4.05629
c<A>r<57>R<LEU>A<C>	c<C>r<113>R<GLN>A<CG>	0.580673	3.77368
c<A>r<57>R<LEU>A<C>	c<C>r<113>R<GLN>A<CD>	0.682757	3.63138
c<A>r<57>R<LEU>A<C>	c<C>r<113>R<GLN>A<NE2>	2.03456	3.37198
c<A>r<57>R<LEU>A<O>	c<C>r<113>R<GLN>A<CA>	0.194204	5.13376
c<A>r<57>R<LEU>A<O>	c<C>r<113>R<GLN>A<CB>	1.46397	4.45301
c<A>r<57>R<LEU>A<O>	c<C>r<113>R<GLN>A<CG>	3.77584	3.45853
c<A>r<57>R<LEU>A<O>	c<C>r<113>R<GLN>A<CD>	3.8113	3.3014
c<A>r<57>R<LEU>A<O>	c<C>r<113>R<GLN>A<OE1>	2.80825	3.72449
c<A>r<57>R<LEU>A<O>	c<C>r<113>R<GLN>A<NE2>	0.000108215	3.46475
c<A>r<57>R<LEU>A<CD1>	c<C>r<116>R<THR>A<CG2>	1.44718	5.27884
c<A>r<57>R<LEU>A<CD2>	c<C>r<112>R<ILE>A<C>	0.625739	4.76122
c<A>r<57>R<LEU>A<CD2>	c<C>r<112>R<ILE>A<O>	0.607097	4.51668
c<A>r<57>R<LEU>A<CD2>	c<C>r<112>R<ILE>A<CG1>	3.39333	4.01763
c<A>r<57>R<LEU>A<CD2>	c<C>r<112>R<ILE>A<CG2>	5.56816	4.05305
c<A>r<57>R<LEU>A<CD2>	c<C>r<112>R<ILE>A<CD1>	4.78754	4.02274
c<A>r<57>R<LEU>A<CD2>	c<C>r<113>R<GLN>A<N>	0.00858375	5.01177
c<A>r<57>R<LEU>A<CD2>	c<C>r<113>R<GLN>A<CA>	3.41941	5.05389
c<A>r<57>R<LEU>A<CD2>	c<C>r<113>R<GLN>A<CG>	1.04975	5.00916
c<A>r<57>R<LEU>A<CD2>	c<C>r<116>R<THR>A<CB>	3.62591	4.59903
c<A>r<57>R<LEU>A<CD2>	c<C>r<116>R<THR>A<OG1>	5.03438	3.78166
c<A>r<57>R<LEU>A<CD2>	c<C>r<116>R<THR>A<CG2>	2.54901	4.82603
c<A>r<58>R<GLY>A<N>	c<C>r<113>R<GLN>A<NE2>	1.65444	3.50153
c<A>r<58>R<GLY>A<CA>	c<C>r<113>R<GLN>A<CD>	0.758933	4.47009
c<A>r<58>R<GLY>A<CA>	c<C>r<113>R<GLN>A<OE1>	1.77959	4.80421
c<A>r<58>R<GLY>A<CA>	c<C>r<113>R<GLN>A<NE2>	4.6965	3.85329
c<A>r<63>R<VAL>A<CG2>	c<C>r<112>R<ILE>A<CD1>	6.53534	4.09338
c<A>r<65>R<HIS>A<CE1>	c<C>r<112>R<ILE>A<CD1>	10.4425	4.03359
c<A>r<67>R<THR>A<CB>	c<C>r<53>R<THR>A<CB>	0.104879	5.98963
c<A>r<67>R<THR>A<CB>	c<C>r<53>R<THR>A<OG1>	1.1084	5.26402
c<A>r<67>R<THR>A<CB>	c<C>r<53>R<THR>A<CG2>	0.643721	6.08991
c<A>r<67>R<THR>A<CG2>	c<C>r<53>R<THR>A<CB>	1.00149	5.87486
c<A>r<67>R<THR>A<CG2>	c<C>r<53>R<THR>A<CG2>	1.08129	5.7909
c<A>r<68>R<VAL>A<N>	c<C>r<53>R<THR>A<OG1>	0.00555562	5.27362
c<A>r<68>R<VAL>A<C>	c<C>r<92>R<GLU>A<OE1>	0.00127741	5.06035
c<A>r<68>R<VAL>A<O>	c<C>r<92>R<GLU>A<OE1>	0.362567	5.09844
c<A>r<68>R<VAL>A<CG1>	c<C>r<53>R<THR>A<OG1>	7.60303	3.96152
c<A>r<68>R<VAL>A<CG1>	c<C>r<53>R<THR>A<CG2>	0.0683247	5.80033
c<A>r<68>R<VAL>A<CG1>	c<C>r<54>R<PRO>A<O>	3.11521	5.55903
c<A>r<68>R<VAL>A<CG1>	c<C>r<54>R<PRO>A<CB>	1.48704	5.92933
c<A>r<68>R<VAL>A<CG1>	c<C>r<54>R<PRO>A<CG>	0.270135	5.66923
c<A>r<68>R<VAL>A<CG1>	c<C>r<54>R<PRO>A<CD>	3.15707	5.07648
c<A>r<68>R<VAL>A<CG1>	c<C>r<92>R<GLU>A<CG>	1.31196	4.91643
c<A>r<68>R<VAL>A<CG1>	c<C>r<92>R<GLU>A<CD>	0.310322	4.03706
c<A>r<68>R<VAL>A<CG1>	c<C>r<92>R<GLU>A<OE2>	8.13715	3.17098
c<A>r<68>R<VAL>A<CG2>	c<C>r<92>R<GLU>A<CG>	3.62327	4.94127
c<A>r<68>R<VAL>A<CG2>	c<C>r<92>R<GLU>A<CD>	4.41303	4.15349
c<A>r<68>R<VAL>A<CG2>	c<C>r<92>R<GLU>A<OE1>	5.1374	4.16607
c<A>r<68>R<VAL>A<CG2>	c<C>r<92>R<GLU>A<OE2>	0.0750045	4.00387
c<A>r<69>R<GLU>A<N>	c<C>r<92>R<GLU>A<OE1>	0.0452634	4.94176
c<A>r<69>R<GLU>A<N>	c<C>r<92>R<GLU>A<OE2>	0.132543	4.49418
c<A>r<69>R<GLU>A<CA>	c<C>r<92>R<GLU>A<OE1>	4.27319	4.88441
c<A>r<69>R<GLU>A<CA>	c<C>r<92>R<GLU>A<OE2>	0.103248	4.82518
c<A>r<69>R<GLU>A<CG>	c<C>r<92>R<GLU>A<CD>	1.11815	4.62452
c<A>r<69>R<GLU>A<CG>	c<C>r<92>R<GLU>A<OE1>	3.46299	4.577
c<A>r<69>R<GLU>A<CG>	c<C>r<92>R<GLU>A<OE2>	3.9051	3.82286
c<A>r<69>R<GLU>A<CD>	c<C>r<52>R<LEU>A<O>	0.270677	5.32191
c<A>r<69>R<GLU>A<CD>	c<C>r<53>R<THR>A<CB>	1.34702	4.3611
c<A>r<69>R<GLU>A<CD>	c<C>r<53>R<THR>A<OG1>	0.804144	3.26684
c<A>r<69>R<GLU>A<CD>	c<C>r<92>R<GLU>A<OE2>	1.06613	3.5354
c<A>r<69>R<GLU>A<OE1>	c<C>r<53>R<THR>A<CB>	2.19311	4.1311
c<A>r<69>R<GLU>A<OE1>	c<C>r<53>R<THR>A<OG1>	4.70883	3.02163
c<A>r<69>R<GLU>A<OE2>	c<C>r<52>R<LEU>A<O>	3.5185	4.54378
c<A>r<69>R<GLU>A<OE2>	c<C>r<53>R<THR>A<CA>	1.49808	4.12075
c<A>r<69>R<GLU>A<OE2>	c<C>r<53>R<THR>A<CB>	2.31064	3.71202
c<A>r<69>R<GLU>A<OE2>	c<C>r<53>R<THR>A<OG1>	4.18798	2.70236
c<A>r<69>R<GLU>A<OE2>	c<C>r<54>R<PRO>A<CD>	5.99927	3.88926
c<A>r<69>R<GLU>A<OE2>	c<C>r<92>R<GLU>A<OE2>	5.73269	3.12625
c<A>r<71>R<LYS>A<CE>	c<C>r<92>R<GLU>A<OE1>	0.716871	5.78998
c<A>r<71>R<LYS>A<CE>	c<C>r<93>R<GLU>A<OE2>	0.0547275	5.63637
c<A>r<71>R<LYS>A<NZ>	c<C>r<92>R<GLU>A<OE1>	4.34809	5.18049
c<A>r<71>R<LYS>A<NZ>	c<C>r<93>R<GLU>A<CD>	0.355242	5.56953
c<A>r<71>R<LYS>A<NZ>	c<C>r<93>R<GLU>A<OE2>	9.81972	4.7554
c<A>r<91>R<GLY>A<CA>	c<C>r<108>R<ASN>A<O>	0.387181	5.91231
c<A>r<91>R<GLY>A<CA>	c<C>r<110>R<GLU>A<CG>	1.30863	6.17168
c<A>r<91>R<GLY>A<CA>	c<C>r<110>R<GLU>A<OE2>	1.08577	5.41823
c<A>r<92>R<GLU>A<N>	c<C>r<108>R<ASN>A<O>	1.43173	4.88748
c<A>r<92>R<GLU>A<N>	c<C>r<108>R<ASN>A<CB>	0.259186	5.51691
c<A>r<92>R<GLU>A<N>	c<C>r<110>R<GLU>A<CG>	0.0636331	6.24319
c<A>r<92>R<GLU>A<N>	c<C>r<110>R<GLU>A<OE2>	1.00345	5.36738
c<A>r<92>R<GLU>A<O>	c<C>r<71>R<LYS>A<NZ>	2.81632	4.89316
c<A>r<92>R<GLU>A<CB>	c<C>r<71>R<LYS>A<CD>	1.46534	4.25315
c<A>r<92>R<GLU>A<CB>	c<C>r<71>R<LYS>A<NZ>	6.83329	3.84547
c<A>r<92>R<GLU>A<CB>	c<C>r<108>R<ASN>A<CA>	0.0141799	4.77901
c<A>r<92>R<GLU>A<CB>	c<C>r<108>R<ASN>A<O>	0.103172	4.24683
c<A>r<92>R<GLU>A<CB>	c<C>r<108>R<ASN>A<CB>	4.73057	4.37541
c<A>r<92>R<GLU>A<CB>	c<C>r<108>R<ASN>A<CG>	3.13531	4.50613
c<A>r<92>R<GLU>A<CB>	c<C>r<108>R<ASN>A<OD1>	1.40823	4.65439
c<A>r<92>R<GLU>A<CG>	c<C>r<71>R<LYS>A<CD>	5.29572	3.65801
c<A>r<92>R<GLU>A<CG>	c<C>r<71>R<LYS>A<NZ>	0.389405	3.89596
c<A>r<92>R<GLU>A<CG>	c<C>r<108>R<ASN>A<CA>	1.0804	4.35998
c<A>r<92>R<GLU>A<CG>	c<C>r<108>R<ASN>A<C>	1.27396	4.003
c<A>r<92>R<GLU>A<CG>	c<C>r<108>R<ASN>A<O>	7.63959	3.4208
c<A>r<92>R<GLU>A<CG>	c<C>r<108>R<ASN>A<CB>	0.944942	4.40019
c<A>r<92>R<GLU>A<CG>	c<C>r<109>R<ASN>A<CB>	3.17802	4.49908
c<A>r<92>R<GLU>A<CG>	c<C>r<109>R<ASN>A<CG>	0.012567	4.81599
c<A>r<92>R<GLU>A<CG>	c<C>r<109>R<ASN>A<ND2>	0.36926	4.38537
c<A>r<92>R<GLU>A<CD>	c<C>r<71>R<LYS>A<CD>	2.31335	3.81895
c<A>r<92>R<GLU>A<CD>	c<C>r<71>R<LYS>A<CE>	1.00345	4.06639
c<A>r<92>R<GLU>A<CD>	c<C>r<71>R<LYS>A<NZ>	0.134557	3.71014
c<A>r<92>R<GLU>A<CD>	c<C>r<109>R<ASN>A<ND2>	1.76404	3.87617
c<A>r<92>R<GLU>A<OE1>	c<C>r<71>R<LYS>A<CE>	3.15715	3.68309
c<A>r<92>R<GLU>A<OE1>	c<C>r<71>R<LYS>A<NZ>	8.76562	3.0441
c<A>r<92>R<GLU>A<OE2>	c<C>r<68>R<VAL>A<CB>	1.01301	5.54234
c<A>r<92>R<GLU>A<OE2>	c<C>r<68>R<VAL>A<CG1>	0.25202	5.68066
c<A>r<92>R<GLU>A<OE2>	c<C>r<109>R<ASN>A<CB>	2.92567	4.09421
c<A>r<92>R<GLU>A<OE2>	c<C>r<109>R<ASN>A<ND2>	8.99966	3.18754
c<A>r<93>R<GLU>A<CG>	c<C>r<108>R<ASN>A<CB>	0.0236269	5.31361
c<A>r<93>R<GLU>A<CG>	c<C>r<108>R<ASN>A<CG>	2.07374	4.41794
c<A>r<93>R<GLU>A<CG>	c<C>r<108>R<ASN>A<OD1>	0.977276	4.79751
c<A>r<93>R<GLU>A<CG>	c<C>r<108>R<ASN>A<ND2>	3.62761	3.69531
c<A>r<93>R<GLU>A<CD>	c<C>r<107>R<ARG>A<NH1>	0.0225808	5.63736
c<A>r<93>R<GLU>A<CD>	c<C>r<107>R<ARG>A<NH2>	0.329006	4.62185
c<A>r<93>R<GLU>A<CD>	c<C>r<108>R<ASN>A<ND2>	5.43346	3.21929
c<A>r<93>R<GLU>A<OE1>	c<C>r<107>R<ARG>A<NH1>	0.100437	5.69642
c<A>r<93>R<GLU>A<OE1>	c<C>r<107>R<ARG>A<NH2>	1.13351	4.94402
c<A>r<93>R<GLU>A<OE1>	c<C>r<108>R<ASN>A<ND2>	0.026272	4.02505
c<A>r<93>R<GLU>A<OE2>	c<C>r<107>R<ARG>A<NH2>	9.51664	3.66215
c<A>r<93>R<GLU>A<OE2>	c<C>r<108>R<ASN>A<CG>	0.17944	3.65503
c<A>r<93>R<GLU>A<OE2>	c<C>r<108>R<ASN>A<OD1>	3.21189	3.90713
c<A>r<93>R<GLU>A<OE2>	c<C>r<108>R<ASN>A<ND2>	6.17939	2.65156
c<A>r<96>R<ASP>A<CG>	c<C>r<110>R<GLU>A<OE2>	2.62582	4.20685
c<A>r<96>R<ASP>A<OD1>	c<C>r<110>R<GLU>A<OE2>	3.49578	4.25767
c<A>r<96>R<ASP>A<OD2>	c<C>r<108>R<ASN>A<CB>	1.70961	5.31045
c<A>r<96>R<ASP>A<OD2>	c<C>r<108>R<ASN>A<ND2>	1.75796	4.97951
c<A>r<96>R<ASP>A<OD2>	c<C>r<110>R<GLU>A<OE2>	5.35059	3.97563
c<A>r<109>R<ASN>A<O>	c<C>r<57>R<LEU>A<O>	0.252809	4.69707
c<A>r<109>R<ASN>A<CB>	c<C>r<57>R<LEU>A<CA>	0.301809	4.4252
c<A>r<109>R<ASN>A<CB>	c<C>r<57>R<LEU>A<C>	0.232582	3.87655
c<A>r<109>R<ASN>A<CB>	c<C>r<57>R<LEU>A<O>	9.74743	3.232
c<A>r<109>R<ASN>A<CB>	c<C>r<57>R<LEU>A<CD2>	0.0086357	5.70705
c<A>r<109>R<ASN>A<CB>	c<C>r<58>R<GLY>A<CA>	2.62084	4.98433
c<A>r<109>R<ASN>A<CG>	c<C>r<56>R<TYR>A<O>	0.332198	3.99316
c<A>r<109>R<ASN>A<CG>	c<C>r<57>R<LEU>A<CA>	3.27601	3.86297
c<A>r<109>R<ASN>A<CG>	c<C>r<57>R<LEU>A<C>	0.743609	3.701
c<A>r<109>R<ASN>A<CG>	c<C>r<57>R<LEU>A<O>	0.109311	3.5299
c<A>r<109>R<ASN>A<CG>	c<C>r<57>R<LEU>A<CD2>	0.119801	5.14222
c<A>r<109>R<ASN>A<OD1>	c<C>r<56>R<TYR>A<O>	5.12045	3.81837
c<A>r<109>R<ASN>A<OD1>	c<C>r<57>R<LEU>A<CA>	0.819675	4.10982
c<A>r<109>R<ASN>A<OD1>	c<C>r<57>R<LEU>A<CD2>	5.21394	4.63613
c<A>r<109>R<ASN>A<ND2>	c<C>r<56>R<TYR>A<C>	0.280329	4.22208
c<A>r<109>R<ASN>A<ND2>	c<C>r<56>R<TYR>A<O>	6.43738	3.52287
c<A>r<109>R<ASN>A<ND2>	c<C>r<56>R<TYR>A<CD2>	5.86587	4.73744
c<A>r<109>R<ASN>A<ND2>	c<C>r<56>R<TYR>A<CE2>	0.276162	5.26539
c<A>r<109>R<ASN>A<ND2>	c<C>r<57>R<LEU>A<CA>	1.24476	3.75545
c<A>r<109>R<ASN>A<ND2>	c<C>r<57>R<LEU>A<C>	2.28998	3.4594
c<A>r<109>R<ASN>A<ND2>	c<C>r<58>R<GLY>A<N>	1.92379	3.80818
c<A>r<109>R<ASN>A<ND2>	c<C>r<58>R<GLY>A<CA>	3.78644	4.39951
c<A>r<111>R<HIS>A<CE1>	c<C>r<57>R<LEU>A<CD2>	4.2291	5.17366
c<A>r<111>R<HIS>A<NE2>	c<C>r<57>R<LEU>A<CD2>	0.925114	5.30324
c<A>r<112>R<ILE>A<CA>	c<C>r<119>R<THR>A<OG1>	0.0235051	5.40411
c<A>r<112>R<ILE>A<O>	c<C>r<119>R<THR>A<OG1>	1.1574	4.9327
c<A>r<112>R<ILE>A<CB>	c<C>r<57>R<LEU>A<O>	1.09848	5.2481
c<A>r<112>R<ILE>A<CG1>	c<C>r<57>R<LEU>A<CA>	0.0512615	5.41286
c<A>r<112>R<ILE>A<CG1>	c<C>r<57>R<LEU>A<O>	4.12046	4.51592
c<A>r<112>R<ILE>A<CG1>	c<C>r<57>R<LEU>A<CB>	3.46852	4.83462
c<A>r<112>R<ILE>A<CG1>	c<C>r<57>R<LEU>A<CG>	0.0647624	5.03755
c<A>r<112>R<ILE>A<CG1>	c<C>r<57>R<LEU>A<CD1>	1.04206	4.85133
c<A>r<112>R<ILE>A<CG1>	c<C>r<57>R<LEU>A<CD2>	2.16278	4.67954
c<A>r<112>R<ILE>A<CG1>	c<C>r<119>R<THR>A<CG2>	0.116474	4.81123
c<A>r<112>R<ILE>A<CG2>	c<C>r<57>R<LEU>A<O>	0.780751	5.56793
c<A>r<112>R<ILE>A<CG2>	c<C>r<57>R<LEU>A<CB>	0.495977	5.9252
c<A>r<112>R<ILE>A<CG2>	c<C>r<57>R<LEU>A<CD1>	0.102645	5.47564
c<A>r<112>R<ILE>A<CG2>	c<C>r<119>R<THR>A<O>	0.267984	5.41493
c<A>r<112>R<ILE>A<CG2>	c<C>r<119>R<THR>A<CB>	11.265	3.59498
c<A>r<112>R<ILE>A<CG2>	c<C>r<119>R<THR>A<OG1>	2.83411	3.86174
c<A>r<112>R<ILE>A<CG2>	c<C>r<119>R<THR>A<CG2>	6.15544	3.77593
c<A>r<112>R<ILE>A<CD1>	c<C>r<57>R<LEU>A<CG>	0.0109413	4.82214
c<A>r<112>R<ILE>A<CD1>	c<C>r<57>R<LEU>A<CD1>	3.00234	4.42717
c<A>r<112>R<ILE>A<CD1>	c<C>r<57>R<LEU>A<CD2>	6.37021	4.28963
c<A>r<112>R<ILE>A<CD1>	c<C>r<115>R<ILE>A<CG2>	10.7655	4.442
c<A>r<112>R<ILE>A<CD1>	c<C>r<116>R<THR>A<CA>	0.0345784	6.51477
c<A>r<112>R<ILE>A<CD1>	c<C>r<119>R<THR>A<CB>	0.029993	4.90168
c<A>r<112>R<ILE>A<CD1>	c<C>r<119>R<THR>A<OG1>	2.6514	4.75248
c<A>r<112>R<ILE>A<CD1>	c<C>r<119>R<THR>A<CG2>	3.9904	4.32004
c<A>r<113>R<GLN>A<CG>	c<C>r<59>R<GLU>A<OE2>	0.14502	5.51999
c<A>r<113>R<GLN>A<CD>	c<C>r<59>R<GLU>A<OE2>	2.93762	4.84129
c<A>r<113>R<GLN>A<OE1>	c<C>r<57>R<LEU>A<O>	0.0829549	5.79899
c<A>r<113>R<GLN>A<OE1>	c<C>r<59>R<GLU>A<CD>	4.22034	4.55837
c<A>r<113>R<GLN>A<OE1>	c<C>r<59>R<GLU>A<OE1>	3.28379	4.63651
c<A>r<113>R<GLN>A<OE1>	c<C>r<59>R<GLU>A<OE2>	6.53369	4.11567
c<A>r<115>R<ILE>A<C>	c<C>r<116>R<THR>A<CG2>	0.0395236	5.25588
c<A>r<115>R<ILE>A<CG2>	c<C>r<112>R<ILE>A<CG1>	0.0032502	5.89837
c<A>r<115>R<ILE>A<CG2>	c<C>r<112>R<ILE>A<CD1>	0.0424216	5.739
c<A>r<115>R<ILE>A<CG2>	c<C>r<116>R<THR>A<CA>	0.213883	5.34202
c<A>r<115>R<ILE>A<CG2>	c<C>r<116>R<THR>A<CB>	0.12153	4.50073
c<A>r<115>R<ILE>A<CG2>	c<C>r<116>R<THR>A<OG1>	5.99274	3.91194
c<A>r<115>R<ILE>A<CG2>	c<C>r<116>R<THR>A<CG2>	10.823	3.77494
c<A>r<115>R<ILE>A<CG2>	c<C>r<119>R<THR>A<OG1>	0.763747	6.05998
c<A>r<115>R<ILE>A<CD1>	c<C>r<112>R<ILE>A<CG1>	2.1033	5.09545
c<A>r<115>R<ILE>A<CD1>	c<C>r<112>R<ILE>A<CD1>	7.80626	4.39767
c<A>r<115>R<ILE>A<CD1>	c<C>r<116>R<THR>A<OG1>	1.41564	5.19554
c<A>r<116>R<THR>A<N>	c<C>r<116>R<THR>A<CG2>	0.131665	5.4712
c<A>r<116>R<THR>A<CA>	c<C>r<116>R<THR>A<CG2>	2.76206	5.58579
c<A>r<116>R<THR>A<CA>	c<C>r<120>R<ASN>A<CB>	1.4466	5.59737
c<A>r<116>R<THR>A<CA>	c<C>r<120>R<ASN>A<CG>	0.737842	5.51822
c<A>r<116>R<THR>A<CA>	c<C>r<120>R<ASN>A<ND2>	0.122835	5.03524
c<A>r<116>R<THR>A<O>	c<C>r<120>R<ASN>A<ND2>	0.0024245	4.98541
c<A>r<116>R<THR>A<CB>	c<C>r<120>R<ASN>A<CB>	0.298211	5.35168
c<A>r<116>R<THR>A<OG1>	c<C>r<116>R<THR>A<O>	0.137074	5.32964
c<A>r<116>R<THR>A<OG1>	c<C>r<116>R<THR>A<CG2>	1.44161	5.70576
c<A>r<116>R<THR>A<OG1>	c<C>r<119>R<THR>A<C>	1.28649	4.3721
c<A>r<116>R<THR>A<OG1>	c<C>r<119>R<THR>A<O>	3.4168	4.28444
c<A>r<116>R<THR>A<OG1>	c<C>r<119>R<THR>A<CB>	1.8698	4.74967
c<A>r<116>R<THR>A<OG1>	c<C>r<119>R<THR>A<OG1>	4.78892	4.19808
c<A>r<116>R<THR>A<OG1>	c<C>r<120>R<ASN>A<N>	0.877905	4.31322
c<A>r<116>R<THR>A<OG1>	c<C>r<120>R<ASN>A<CA>	3.86417	4.17008
c<A>r<116>R<THR>A<OG1>	c<C>r<120>R<ASN>A<CB>	1.45713	4.68861
c<A>r<116>R<THR>A<OG1>	c<C>r<123>R<ASP>A<CB>	0.263437	5.86751
c<A>r<116>R<THR>A<CG2>	c<C>r<119>R<THR>A<O>	0.202353	5.35226
c<A>r<116>R<THR>A<CG2>	c<C>r<120>R<ASN>A<CA>	3.05034	4.64657
c<A>r<116>R<THR>A<CG2>	c<C>r<120>R<ASN>A<O>	0.0752595	5.33845
c<A>r<116>R<THR>A<CG2>	c<C>r<120>R<ASN>A<CB>	0.314573	4.96512
c<A>r<116>R<THR>A<CG2>	c<C>r<120>R<ASN>A<CG>	0.0731898	4.64481
c<A>r<116>R<THR>A<CG2>	c<C>r<120>R<ASN>A<ND2>	9.49083	3.66978
c<A>r<116>R<THR>A<CG2>	c<C>r<123>R<ASP>A<CB>	6.44776	5.50361
c<A>r<116>R<THR>A<CG2>	c<C>r<123>R<ASP>A<OD2>	4.24383	5.2511
c<A>r<119>R<THR>A<CB>	c<C>r<116>R<THR>A<CG2>	2.88457	4.49304
c<A>r<119>R<THR>A<CB>	c<C>r<120>R<ASN>A<CB>	0.0194693	6.1009
c<A>r<119>R<THR>A<OG1>	c<C>r<116>R<THR>A<CG2>	6.58888	3.74462
c<A>r<119>R<THR>A<CG2>	c<C>r<116>R<THR>A<CG2>	8.31867	4.48957
c<A>r<119>R<THR>A<CG2>	c<C>r<120>R<ASN>A<CB>	2.6936	5.38303
c<A>r<119>R<THR>A<CG2>	c<C>r<120>R<ASN>A<CG>	3.04764	4.90694
c<A>r<119>R<THR>A<CG2>	c<C>r<120>R<ASN>A<OD1>	5.73907	4.51939
c<A>r<120>R<ASN>A<CG>	c<C>r<120>R<ASN>A<ND2>	0.292408	3.99581
c<A>r<120>R<ASN>A<OD1>	c<C>r<120>R<ASN>A<ND2>	7.7808	3.4448
c<A>r<120>R<ASN>A<ND2>	c<C>r<120>R<ASN>A<CG>	1.5103	3.93068
c<A>r<120>R<ASN>A<ND2>	c<C>r<120>R<ASN>A<OD1>	8.38498	3.50657
c<A>r<120>R<ASN>A<ND2>	c<C>r<120>R<ASN>A<ND2>	3.38498	3.6631
